<beans xmlns="http://www.springframework.org/schema/beans"
	xmlns:xsi="http://www.w3.org/2001/XMLSchema-instance" xmlns:p="http://www.springframework.org/schema/p"
	xmlns:aop="http://www.springframework.org/schema/aop" xmlns:context="http://www.springframework.org/schema/context"
	xmlns:jee="http://www.springframework.org/schema/jee" xmlns:tx="http://www.springframework.org/schema/tx"
	xmlns:task="http://www.springframework.org/schema/task"
	xsi:schemaLocation="http://www.springframework.org/schema/aop http://www.springframework.org/schema/aop/spring-aop-3.2.xsd http://www.springframework.org/schema/beans http://www.springframework.org/schema/beans/spring-beans-3.2.xsd http://www.springframework.org/schema/context http://www.springframework.org/schema/context/spring-context-3.2.xsd http://www.springframework.org/schema/jee http://www.springframework.org/schema/jee/spring-jee-3.2.xsd http://www.springframework.org/schema/tx http://www.springframework.org/schema/tx/spring-tx-3.2.xsd http://www.springframework.org/schema/task http://www.springframework.org/schema/task/spring-task-3.2.xsd">
 
	<context:component-scan base-package="com.programcreek.examples" />
	<bean class="org.springframework.beans.factory.annotation.AutowiredAnnotationBeanPostProcessor"/>

<bean id="helloWorldService" class="com.sonata.HelloService">
<property name="name" value="Spring Program" />
<property name="sub" value="Spring Core" />
</bean>

<bean id="employee" class="com.sonata.one. Employee"> 
<constructor-arg value="12" type="int"></constructor-arg>
<constructor-arg value="sonata"></constructor-arg> 
<constructor-arg><ref bean="address"/></constructor-arg>
</bean>

<bean id="address" class="com. sonata.one. Address">
<constructor-arg value="Bangalore"></constructor-arg>
<constructor-arg value="Karnataka"></constructor-arg>
<constructor-arg value="India"></constructor-arg>
</bean>
 
<bean id="cust" class="com.sonata.two.Customer">
<property name="action" value="buy"></property>
<property name="type" value="1"></property>	
</bean>

<bean id="pers" class="com.sonata.two.Person">
<property name="name" value="Uday"></property>
</bean>
	
	
</beans>